<?xml version="1.0" encoding="ISO-8859-1"?>
<games>
	<game>
		<gamedate>2006-01-23</gamedate>
		<team1>
			<teamname>Calgary Flames</teamname>
			<score>3</score>
		</team1>
		<team2>
			<teamname>Edmonton Oilers</teamname>
			<score>1</score>
		</team2>
	</game>
	<game>
		<gamedate>2006-01-23</gamedate>
		<team1>
			<teamname>Los Angeles Kings</teamname>
			<score>5</score>
		</team1>
		<team2>
			<teamname>Anaheim Mighty Ducks</teamname>
			<score>2</score>
		</team2>
	</game>
</games>